distance_to_goal,angle_to_goal,is_header,is_penalty,is_freekick,is_open_play,x_norm,y_center_dist,distance_sq,n_defenders_in_cone,n_defenders_closer,dist_nearest_defender,gk_dist_center_goal,gk_dist_to_shooter,n_defenders_total,team_ratio_cone,is_goal,xg_statsbomb,xg_xgboost,xg_logreg
19.747404892795412,19.332893871561808,0,0,0,1,0.8633333333333333,11.0,389.9600000000002,0,2,6.5253352404301745,4.114608122288198,15.68215546409358,5,0.0,0,0.096383646,0.095583715,0.10288548253912512
35.36240942017384,12.885082921935597,0,0,1,0,0.7058333333333333,2.1000000000000014,1250.4999999999995,2,9,4.494441010848853,1.0,34.364225584174015,10,0.0,0,0.017764185,0.034541704,0.08366922933810454
14.200352108310561,30.00345395305672,1,0,0,1,0.8883333333333333,4.700000000000003,201.6500000000002,0,2,2.7202941017470916,1.8788294228055948,12.332882874656685,8,0.0,0,0.03818405,0.011429605,0.0776372092367396
21.817882573705457,18.1947304756549,0,0,0,1,0.8424999999999999,10.899999999999999,476.02000000000027,1,4,3.190611226708761,3.400000000000001,18.420097719610506,7,0.0,0,0.04283516,0.0031586061,0.03694946398803271
28.40792143047429,15.488801314166656,0,0,0,1,0.7716666666666666,7.5,807.0100000000003,1,4,2.9120439557122175,1.9235384061671397,26.49698096010185,5,0.0,0,0.025733665,0.04824984,0.03144398558729462
18.638937737972086,14.222806493371017,0,0,0,1,0.9125,15.399999999999999,347.40999999999997,0,3,1.920937271229852,4.304648650006181,14.34503398392628,6,0.0,0,0.058749907,0.0824444,0.06215251743816595
26.549764594059962,13.579566976204172,0,0,0,1,0.8266666666666667,16.5,704.8899999999999,1,7,0.7999999999999972,3.764306044943745,22.88055943372014,9,1.0,0,0.024455013,0.0011278023,0.0030569222093953614
16.51696097955069,26.49271933663407,0,0,0,1,0.8666666666666667,4.100000000000001,272.81000000000006,0,4,1.513274595042156,2.5079872407968877,14.046351839534708,9,1.0,0,0.09590488,0.00036735536,0.015773638685337158
11.768602295939825,30.166203083668357,0,0,0,1,0.9258333333333333,7.700000000000003,138.5000000000001,0,1,1.3928388277184094,3.4409301068170484,8.462860036654282,9,0.0,0,0.1629772,0.032398686,0.11274185076482762
27.08449741088064,12.204262101741614,0,0,0,1,0.8383333333333333,18.9,733.5700000000002,0,5,1.9209372712298562,4.0607881008493925,23.05211487044085,8,0.0,0,0.011698737,0.019166993,0.014331135058074226
23.05211487044085,14.114687807027178,0,0,0,1,0.865,16.4,531.4000000000002,1,4,2.5,4.601086828130931,18.45562244954096,8,0.0,0,0.028624984,0.006029637,0.026469974904474506
22.925967809451357,19.69369981930899,0,0,0,1,0.81,2.3999999999999986,525.5999999999999,1,3,4.052159917870959,2.9120439557122038,20.254382241875458,7,0.0,1,0.051378094,0.005026916,0.04819954239966097
20.000249998437514,20.135821183045312,0,0,0,1,0.8533333333333334,9.5,400.00999999999976,0,4,4.8259714048054585,3.4205262752974126,16.926015479137433,8,1.0,0,0.07740248,0.010186837,0.013531533197415353
12.609916732476858,35.17793505713058,0,0,0,1,0.895,0.5,159.00999999999985,0,0,3.244996147917591,2.0999999999999943,10.51189802081432,5,0.0,0,0.25516874,0.0098548895,0.27723039652223935
8.683893136145787,43.713390864605934,0,0,0,1,0.9408333333333334,5.0,75.40999999999993,0,1,1.2041594578792318,1.1401754250991385,8.704596486914248,7,0.0,1,0.3457039,0.98228145,0.20290278224149283
7.083784299369935,47.72782796433444,0,0,0,1,0.9608333333333333,5.299999999999997,50.18,1,2,0.7071067811865476,5.374011537017757,1.749285568453593,8,0.0,0,0.10217343,0.096253276,0.26472344350160737
9.682974749528164,31.686367692935242,1,0,0,1,0.95,7.600000000000001,93.76,0,1,2.308679276123043,2.9206163733020425,6.8796802251267515,7,0.0,0,0.1273561,0.23191108,0.1605426171885297
8.640023148117136,48.546382142156965,0,0,0,1,0.9308333333333334,2.3999999999999986,74.64999999999993,0,0,1.772004514666931,3.4058772731852778,5.703507692639682,7,0.0,1,0.44097158,0.98564976,0.3415955956825668
13.514806694880987,30.560110904378515,0,0,0,1,0.8975000000000001,5.600000000000001,182.64999999999995,0,0,1.5811388300841964,8.234682750416072,5.280151512977633,8,0.0,0,0.3704533,0.007238076,0.26907620629327944
26.206869328479506,13.802877118818762,0,0,0,1,0.8283333333333334,16.200000000000003,686.7999999999998,0,5,0.9219544457292933,3.5846896657869776,22.66296538407982,7,0.0,0,0.02668288,0.0018155385,0.01950702638566927
4.390899680020029,83.84190922375343,1,0,0,1,0.9683333333333334,2.200000000000003,19.27999999999999,1,2,0.31622776601683567,1.4142135623730951,3.0463092423455618,10,0.0,1,0.1947324,0.9804089,0.27663761886058236
9.848857801796104,41.63353933954405,1,0,0,1,0.925,4.0,96.99999999999999,0,5,0.7071067811865496,1.5297058540778348,8.36301381082203,9,0.0,0,0.091646455,0.004882896,0.0566508361403966
23.672980378482137,18.598656914700857,0,0,0,1,0.8091666666666666,6.0,560.4100000000003,1,4,1.9723082923316044,3.3955853692699254,20.27806696901853,8,0.0,0,0.041051574,0.014011562,0.030143641362413952
20.011246837716033,22.392501938722074,0,0,0,1,0.8350000000000001,2.8999999999999986,400.44999999999993,1,4,1.208304597359465,2.4351591323771804,17.62554963681984,7,0.0,0,0.057224557,0.0017989735,0.046960139729192996
6.896375859826661,59.13208777661579,1,0,0,1,0.9450000000000001,2.0,47.559999999999924,0,0,1.4317821063276333,1.697056274847718,5.458937625582464,8,0.0,0,0.22981732,0.6538186,0.30326239471072564
11.772000679578642,20.405299589833433,0,0,0,1,0.9525,10.3,138.58,0,1,2.692582403567252,4.609772228646449,7.186793443532376,7,0.0,0,0.12096324,0.0681795,0.14253944981029606
12.840560735419615,22.73999545149391,0,0,0,1,0.935,10.2,164.8799999999999,0,1,2.475883680627987,4.632493928760186,8.232860985101109,5,0.0,0,0.30000883,0.018902445,0.20621741558446677
17.50114281982751,25.746913706038335,1,0,0,1,0.8541666666666666,0.20000000000000284,306.29,0,3,1.0440306508910542,3.1256999216175507,14.401388821915758,8,0.0,0,0.025620336,0.0018891809,0.061409496543113846
8.766413177577242,48.508922753853014,1,0,0,1,0.9283333333333333,1.7000000000000028,76.84999999999991,0,0,0.921954445729295,3.0463092423455618,5.821511831131151,9,0.0,0,0.17912224,0.013410925,0.22609653867611895
14.101418368376985,31.670398381418828,0,0,0,1,0.8825000000000001,0.20000000000000284,198.84999999999982,3,4,1.6492422502470583,1.8110770276274808,12.306502346320823,7,0.0,0,0.072080754,0.007434127,0.07772207446843075
19.637973418863773,19.320764299682992,0,0,0,1,0.865,11.100000000000001,385.6500000000001,1,6,4.219004621945801,3.8209946349085544,15.932670836994038,9,0.0,0,0.06182509,0.0039021035,0.019329350974491764
7.596051605933175,54.4716038857526,1,0,0,1,0.9391666666666667,2.1000000000000014,57.69999999999997,0,0,0.6708203932499369,2.0396078054371136,5.565968020030297,8,0.0,0,0.15743414,0.027412366,0.2809893188668606
8.221921916437788,43.867819729032696,0,0,0,1,0.9483333333333334,5.399999999999999,67.60000000000002,0,2,1.0440306508910542,3.8418745424597125,4.494441010848843,6,0.0,1,0.16896226,0.97065115,0.2756819470937859
17.48885359307465,25.005854873522736,0,0,0,1,0.8591666666666666,4.5,305.8600000000001,1,3,1.523154621172778,3.4481879299133347,14.179210133149171,8,0.0,0,0.06698707,0.0015126604,0.06401812827037562
29.61519880061587,15.129035133875488,0,0,1,0,0.7575000000000001,5.5,877.0599999999997,1,9,9.178779875342904,2.4020824298928685,27.240594707164515,10,0.0,0,0.0419699,0.004543609,0.1325365327291759
22.90938672247688,16.631866645758247,0,0,1,0,0.8416666666666667,12.8,524.84,3,10,8.104319835741926,1.8110770276274808,21.32135080148535,10,0.3333333333333333,1,0.068962805,0.93803096,0.09864023178573934
18.46212338816963,17.367581372845322,0,0,0,1,0.8941666666666667,13.399999999999999,340.8500000000001,0,3,4.884669896727927,4.7010637094172685,13.78876354137672,4,0.0,0,0.09082136,0.045423385,0.10874768476924142
14.302796929272255,30.887287675876962,0,0,0,1,0.8825000000000001,2.3999999999999986,204.56999999999982,0,2,1.3038404810405324,5.522680508593628,10.084145972763386,4,0.0,0,0.15830496,0.058679715,0.28451251942759487
25.07688178382631,17.258954294340946,0,0,0,1,0.8016666666666666,7.899999999999999,628.8499999999998,1,9,6.661080993352348,1.4317821063276401,23.65417510715602,9,1.0,0,0.027073873,0.009802793,0.001957991483186326
11.48564321228899,38.1938808031331,0,0,0,1,0.9049999999999999,1.3999999999999986,131.92000000000013,0,3,2.4351591323771964,2.1023796041628584,9.42019108086456,7,1.0,0,0.1361084,0.030689795,0.05209712586664731
26.261759270848557,17.282325500164227,0,0,0,1,0.7816666666666666,1.7999999999999972,689.6800000000002,0,4,9.972462083156799,2.6925824035672474,23.625621684941972,5,0.0,0,0.040328264,0.002212141,0.04342750996069332
20.929644048573785,19.51739964699973,0,0,0,1,0.8441666666666666,9.399999999999999,438.05000000000007,0,2,2.5495097567963967,2.4698178070456875,18.470787747142793,4,0.0,0,0.104605675,0.10927636,0.10163493018563537
8.393449827097315,48.89217433504604,1,0,0,1,0.935,3.1000000000000014,70.44999999999996,1,2,6.328506932918692,2.3409399821439267,6.824221567329121,6,1.0,0,0.16597773,0.0060206275,0.10475657140497613
16.40487732352791,27.3991175618964,0,0,0,1,0.8633333333333333,0.3999999999999986,269.12000000000023,0,6,3.2893768406797097,2.9410882339705453,13.609188072769081,9,0.0,0,0.15727945,0.00058338745,0.03123040743297717
20.666155907667008,19.105889396744722,0,0,0,1,0.8516666666666667,10.5,427.09,1,7,5.303772242470448,2.69072480941474,18.036906608396016,9,1.0,0,0.045265324,0.0022667397,0.004702775314753589
19.948182874637983,20.34218964841316,0,0,0,1,0.8524999999999999,9.200000000000003,397.93000000000006,0,6,4.031128874149275,3.3970575502926037,16.692812824685962,7,0.0,0,0.04911825,0.0027667063,0.029365634502099662
10.746627377926531,40.70830712750577,0,0,0,1,0.9108333333333333,1.0,115.49000000000007,0,0,1.523154621172778,3.1622776601683795,7.700000000000003,6,0.0,0,0.4531274,0.07447789,0.31651300940481847
12.384264209067897,26.067407775440078,0,0,0,1,0.9299999999999999,9.100000000000001,153.37000000000012,0,0,0.921954445729281,4.272001872658765,8.213403679352435,6,0.0,0,0.15519324,0.03932472,0.22317806420840927
26.293155002775908,13.20022344190226,0,0,0,1,0.8350000000000001,17.299999999999997,691.3299999999998,0,5,2.4698178070456906,3.580502757993637,22.729936207565554,9,0.0,0,0.025486808,0.0022264388,0.012006081273519577
25.849177936638522,17.241404135013816,0,0,0,1,0.7891666666666667,5.299999999999997,668.1799999999997,0,9,3.6345563690772438,2.024845673131665,23.84785105622726,10,0.0,0,0.03797323,0.0010706425,0.004738475476738726
65.05974177630895,6.719344231958019,0,0,0,1,0.4825,19.4,4232.77,0,6,5.0803543183522155,5.922837157984336,59.9503961621606,8,0.0,0,0.004744799,0.012394912,0.0011958420324344728
24.215697388264505,17.44091951135853,0,0,0,1,0.8133333333333332,9.200000000000003,586.4000000000004,1,5,3.9293765408776973,3.9204591567825267,20.462893246068614,8,0.0,0,0.044519193,0.0044609113,0.022888329426347703
23.22434067955429,17.3187989653021,0,0,0,1,0.83,11.100000000000001,539.3700000000003,3,10,8.429116205154614,1.8384776310850195,21.46741717114568,10,0.0,0,0.01992774,0.06322379,0.003707712288926437
18.057962232765913,23.928878483586626,0,0,0,1,0.8566666666666667,5.5,326.0900000000001,4,8,1.6155494421403518,2.5298221281347013,16.69041641182149,10,0.5,0,0.025156217,0.00030013296,0.007243239912502102
16.538742394752997,25.998962328624774,0,0,0,1,0.8691666666666666,5.200000000000003,273.5300000000001,1,4,2.9832867780352657,1.3038404810405264,15.277761616153077,10,0.0,0,0.08608912,0.008350331,0.0271437351532046
12.050726119201277,29.396052858371764,1,0,0,1,0.9241666666666667,7.899999999999999,145.21999999999989,2,6,0.848528137423854,2.5999999999999988,9.790812019439446,9,0.0,0,0.03460866,0.0005456208,0.03190678780425233
22.743790361327193,11.545369190720606,0,0,0,1,0.8933333333333333,18.799999999999997,517.2799999999997,1,7,11.985407794480755,2.5298221281347013,20.32141727340886,10,0.0,0,0.0110668205,0.0058569033,0.005657720007800697
20.64000968992021,13.601074837543536,0,0,0,1,0.8966666666666666,16.5,426.0100000000001,0,6,2.4041630560342657,1.835755975068586,18.82179587605816,10,0.0,0,0.02559387,0.004964619,0.00866129789309566
27.15326867984773,11.960698464191948,0,0,0,1,0.8408333333333334,19.3,737.2999999999997,0,6,5.126402247190518,3.1622776601683795,24.357750306627246,8,0.0,0,0.011488415,0.0015925377,0.009757461556478783
26.461481440010118,13.795411841047128,0,0,1,0,0.825,16.1,700.2099999999999,3,10,7.202777242147645,1.2727922061357886,26.325083095785278,10,0.0,0,0.04606585,0.17245758,0.09067182353027908
18.76192953829642,22.73539706328361,0,0,0,1,0.8533333333333334,6.5,352.00999999999976,2,7,4.428317965096902,1.1704699910719567,17.884630272946655,9,0.0,0,0.07217433,0.005412416,0.013548794300171519
25.823438965405053,10.173870746047093,0,0,0,1,0.8783333333333334,21.3,666.85,1,6,3.5171010790137984,2.3323807579381217,23.495744295510193,7,0.0,0,0.007613767,0.0016270533,0.01061907173815996
15.100331122197288,12.550552060040625,0,0,0,1,0.9508333333333333,13.899999999999999,228.01999999999998,0,5,4.785394445602157,3.3241540277189343,11.778370006074693,8,0.0,0,0.039158177,0.0022759854,0.027641339282208004
9.808159868191387,43.15714220687245,0,0,0,1,0.9216666666666666,2.799999999999997,96.20000000000009,2,4,2.745906043549199,4.741307836451884,5.234500931320962,8,0.0,0,0.12407055,0.075226344,0.1439019488436084
21.346896729969913,21.092939081423665,0,0,0,1,0.8233333333333334,2.5,455.69000000000017,1,3,3.125699921617557,2.5317977802344322,18.923530326025322,8,1.0,0,0.061612327,0.00312526,0.01616569999976819
25.40177159176108,5.374581787992406,0,0,1,0,0.9383333333333332,24.3,645.2500000000002,1,9,8.852683209061537,1.2999999999999972,24.161125801584664,9,0.0,0,0.0078124246,0.024243832,0.09440721808632842
17.921216476567658,19.355335527542525,0,0,0,1,0.8883333333333333,11.899999999999999,321.1700000000001,1,4,1.562049935181333,1.9723082923316044,16.056151469141042,8,0.0,0,0.044369835,0.0019293525,0.031275230820551475
11.161541112229978,17.579091756460187,1,0,0,1,0.9641666666666667,10.3,124.58000000000001,0,7,3.4058772731852827,0.5999999999999943,10.944404963267763,9,0.0,0,0.051826213,0.017107481,0.014103525547109376
13.729530217745975,25.0986640666898,0,0,0,1,0.9158333333333334,9.299999999999997,188.49999999999983,0,1,1.2727922061357886,5.280151512977638,8.580209787645046,5,0.0,1,0.31214735,0.024582935,0.22923090287423026
12.576565508913797,34.905647440568636,0,0,0,1,0.8966666666666666,2.1000000000000014,158.17000000000016,1,2,2.4515301344262515,1.9026297590440506,10.72800074571213,6,0.0,0,0.1424742,0.0061866483,0.15865116729903092
26.976471229573377,16.112609173734224,0,0,0,1,0.7858333333333333,8.2,727.7300000000001,1,2,1.4035668847618217,4.936598018878999,22.14497685706625,7,0.0,0,0.037000425,0.015281894,0.0520535101729872
6.767569726275458,59.79925738263117,1,0,0,1,0.9466666666666667,2.200000000000003,45.80000000000008,1,2,1.0999999999999943,5.5009090157900316,1.5297058540778348,9,1.0,0,0.10819121,0.041833915,0.12791199511910814
7.647875521999555,52.007808524816994,1,0,0,1,0.9433333333333334,3.5,58.48999999999996,0,6,0.5099019513592773,0.943398113205658,6.708203932499369,10,0.0,0,0.102099925,0.06393595,0.050927951290670424
13.401492454200769,33.235090754013726,0,0,0,1,0.8883333333333333,0.20000000000000284,179.60000000000014,0,0,1.2041594578792183,3.2984845004941303,10.217631819555844,6,0.0,0,0.27210635,0.0117168,0.2531143097129708
17.301156030739676,26.034414434389163,0,0,0,1,0.8558333333333333,0.20000000000000284,299.32999999999987,2,5,1.2999999999999972,2.5,14.801351289662708,6,0.0,0,0.029511923,0.0009613818,0.06271150011886466
8.723531395025757,45.70615709129242,1,0,0,1,0.9358333333333333,4.100000000000001,76.10000000000004,1,1,0.5099019513592787,1.7720045146669376,6.997142273814361,9,0.0,0,0.08104959,0.0146714,0.14881258747423262
34.89670471548854,13.006663713012456,0,0,0,1,0.7108333333333333,3.700000000000003,1217.78,0,9,2.360084744241197,2.630589287593175,32.26918034285966,9,0.0,0,0.018411724,0.0015454825,0.003445420987518103
21.681328372588244,16.858398769730783,0,0,0,1,0.8566666666666667,13.2,470.08,0,3,4.579301256742126,2.475883680627989,19.220041623263985,7,0.0,0,0.06166864,0.0053932723,0.03706248762464202
16.058953888718904,27.141025084700832,0,0,0,1,0.8708333333333333,4.200000000000003,257.89,0,3,5.162363799656117,2.7018512172212565,13.6312141792285,8,0.0,0,0.15770543,0.0032942267,0.06491269558810234
10.043903623591778,28.66340275665002,0,0,0,1,0.9516666666666667,8.200000000000003,100.88000000000004,0,2,0.7000000000000028,5.968249324550707,4.110960958218896,8,0.0,0,0.1677268,0.09957196,0.15984977069226278
9.924716620639604,36.02737338896504,0,0,0,1,0.9375,6.5,98.5,1,2,8.228000972289687,1.4317821063276335,8.558621384311845,8,0.0,0,0.16929331,0.11315992,0.10704078198108612
7.864477096412707,53.339019496726976,1,0,0,1,0.9358333333333333,1.6000000000000014,61.850000000000044,1,2,3.8600518131237593,1.5556349186104015,7.130918594402837,8,1.0,0,0.15622824,0.016073316,0.0760300278910165
26.00173071162764,17.490084967880964,0,0,0,1,0.7833333333333333,0.29999999999999716,676.09,1,5,5.571355310873651,2.202271554554527,23.803361107205003,6,0.0,0,0.04361772,0.0018226071,0.02879180997941199
14.764823060233395,30.037266323895818,0,0,0,1,0.8783333333333334,2.200000000000003,217.99999999999983,1,2,2.299999999999997,14.042791745233572,2.332380757938114,6,0.0,1,0.29433554,0.04182847,0.44669010586679725
13.160927019021115,30.336363019594664,0,0,0,1,0.9041666666666667,6.399999999999999,173.21,0,1,1.2206555615733719,11.884864324004717,1.33416640641263,10,0.0,0,0.14145768,0.008906092,0.2430290108675928
4.651881339845206,70.58244586437299,0,0,0,1,0.9833333333333333,4.200000000000003,21.640000000000025,1,1,1.077032961426903,2.6476404589747466,2.193171219946132,9,0.0,0,0.28106615,0.21010566,0.33987778136778507
28.469281690973514,14.832624482469042,0,0,0,1,0.7808333333333334,10.899999999999999,810.4999999999998,1,5,1.2999999999999972,3.3241540277189343,25.171610993339296,6,1.0,0,0.022933368,0.0011336224,0.008751601596101803
17.951323071016247,23.19068718237357,1,0,0,1,0.8633333333333333,7.299999999999997,322.25000000000017,0,2,1.72046505340853,2.280350850198277,15.976545308670458,8,0.0,0,0.032397743,0.04817631,0.05433610271139484
14.989329538041387,28.562730517359746,0,0,0,1,0.8816666666666666,4.799999999999997,224.68000000000004,3,7,2.0880613017821084,1.6643316977093257,13.727709204379291,10,0.0,0,0.051326882,0.0058863848,0.01769977634295127
7.286288492778747,48.82172920197018,1,0,0,1,0.9558333333333333,5.0,53.089999999999975,0,2,1.6763054614240291,3.679673898594822,3.623534186398684,9,0.0,0,0.1198475,0.08470532,0.17400832656107304
24.413111231467404,15.422161320464697,0,0,0,1,0.8333333333333334,14.0,595.9999999999999,0,7,2.7459060435491955,2.7459060435491938,21.66887168266959,8,0.0,0,0.034823347,0.001982332,0.010928396740717362
10.430723848324243,41.87786954044802,0,0,0,1,0.9133333333333333,0.7999999999999972,108.80000000000011,2,4,1.9235384061671397,2.080865204668485,8.709190547921205,9,0.5,1,0.10194666,0.0475374,0.05230777366176464
27.714617081965972,13.574654229126786,0,0,0,1,0.8108333333333333,15.899999999999999,768.1,2,9,7.400675644831361,3.420526275297417,24.29897117163605,9,0.0,0,0.015267702,0.0042217616,0.004543263743405404
24.72913261721891,18.35611696879552,0,0,0,1,0.7941666666666667,1.2000000000000028,611.5300000000001,1,6,4.901020301937144,2.3345235059857474,22.414281161795046,9,0.0,0,0.04549022,0.0009741687,0.013662086072592295
8.523496934944012,45.8714461774553,1,0,0,1,0.9391666666666667,4.399999999999999,72.64999999999996,0,5,1.4317821063276304,1.9849433241279189,6.576473218982951,9,0.0,0,0.089097686,0.0019147871,0.07058541961152062
9.124143795447326,43.93708023165476,1,0,0,1,0.9325,4.200000000000003,83.24999999999993,0,3,0.42426406871192446,1.4866068747318464,7.696752561957544,9,0.0,0,0.083537444,0.016438134,0.09237369887685594
7.349829930005181,40.78446626087172,1,0,0,1,0.9658333333333334,6.100000000000001,54.01999999999997,0,1,0.761577310586398,1.5231546211727873,6.126989472816151,9,0.0,0,0.1521444,0.17807326,0.13292380321354844
30.205959676858477,15.084074108531256,0,0,0,1,0.7483333333333333,0.6000000000000014,912.4000000000002,1,4,1.6124515496597038,2.906888370749732,27.30293024567143,9,0.0,0,0.025199624,0.001403441,0.015600277683863977
14.003570973148245,23.309844318017674,0,0,0,1,0.9191666666666667,10.100000000000001,196.10000000000008,1,3,2.7018512172212623,4.16773319683494,10.000499987500632,6,0.0,0,0.057950504,0.004794389,0.10748617138772057
23.009780529157588,17.389281815555986,0,0,0,1,0.8325,11.2,529.4499999999997,0,5,2.9732137494637016,2.7459060435491938,20.27140843651471,6,0.0,0,0.048669264,0.0016462541,0.0309279812680395
15.340469353966975,26.718448976804762,0,0,0,1,0.885,6.700000000000003,235.32999999999996,1,5,1.0,3.2802438933713463,12.491997438360285,7,0.0,0,0.070784174,0.0010293513,0.057716448911619624
15.420765220960991,21.997109263798638,0,0,0,1,0.9066666666666666,10.600000000000001,237.8000000000001,0,1,1.2165525060596472,4.6097722286464435,10.846658471621573,3,0.0,0,0.15459204,0.079927474,0.25389018007973624
18.33712082089225,22.40037852721862,0,0,0,1,0.8625,8.0,336.25,0,2,4.220189569201833,7.116881339463236,11.287160847617967,3,0.0,0,0.3204304,0.11537548,0.2561657307636702
31.515869018638856,14.195466930345308,0,0,1,0,0.7424999999999999,6.200000000000003,993.2500000000005,1,7,6.435060217278466,1.1045361017187205,30.417922348510274,7,0.0,0,0.030897133,0.048908006,0.24853164081159998
23.15016198647431,18.06621000808117,0,0,0,1,0.8233333333333334,9.3,535.9300000000002,1,7,1.0,2.7802877548915728,20.752349264601346,8,0.0,0,0.03962588,0.0015887128,0.014078767410784034
16.200308639035242,17.646765568178058,0,0,0,1,0.9183333333333333,12.899999999999999,262.4499999999999,0,2,3.2557641192199362,5.499999999999997,10.700467279516348,7,0.0,0,0.12261136,0.0100472495,0.09381447438002345
28.643498389686965,14.015293454333921,0,0,0,1,0.7908333333333334,13.8,820.4499999999997,0,6,3.9458839313897727,2.7202941017470916,25.947061490658236,10,1.0,0,0.024586549,0.0014964018,0.0024519652314048753
36.824584179593934,10.584155238189439,0,0,0,1,0.7391666666666666,19.4,1356.05,0,1,6.946221994724902,45.26599164936077,8.944271909999156,4,0.0,1,0.10752832,0.9811916,0.9329084951110368
18.041341413542394,20.286347806167303,0,0,0,1,0.8808333333333334,11.0,325.4899999999999,1,4,2.6832815729997397,2.8284271247461903,15.241062955056643,7,0.0,0,0.04496801,0.0011149351,0.04451955319452372
25.979414927977114,17.329018443752272,0,0,0,1,0.7858333333333333,3.799999999999997,674.9300000000001,1,4,3.067572330035592,3.8600518131237593,22.165062598603235,8,0.0,0,0.037845716,0.0027678446,0.02804150814574375
11.013627921806693,24.14397962365116,1,0,0,1,0.9508333333333333,9.299999999999997,121.30000000000001,1,6,0.5830951894845285,3.4999999999999987,7.839005038906404,9,0.0,0,0.049725365,0.0052175066,0.03244974983780668
20.322647465327936,11.946541435770788,0,0,0,1,0.9125,17.4,413.01,0,7,1.118033988749895,4.049691346263318,16.275441622272496,7,0.0,0,0.014155507,0.0034105578,0.01736719487809647
27.5530397597071,16.433566205480737,0,0,0,1,0.7716666666666666,2.8999999999999986,759.1700000000003,1,7,2.280350850198279,2.8160255680657467,24.789110512481084,7,0.0,0,0.03224117,0.0011122804,0.014431398813587563
17.487424052730006,25.13939618189278,0,0,0,1,0.8583333333333333,4.100000000000001,305.80999999999995,0,6,2.2135943621178678,2.1213203435596366,15.376930773076927,8,0.0,0,0.08964235,0.00090455706,0.02897128942909796
21.973848092675983,17.67874095994598,0,0,0,1,0.8450000000000001,11.700000000000003,482.8499999999999,1,2,2.0615528128088285,6.592419889539799,15.520631430454111,6,0.0,0,0.04672806,0.17160018,0.10064358618699924
25.739075352467495,12.62448663051646,0,0,0,1,0.8491666666666667,18.3,662.4999999999997,0,3,1.7262676501631957,3.2526911934581144,22.486440358580545,5,0.0,0,0.022515863,0.0039490326,0.0409175742611415
29.904681907687966,14.79669321154574,0,0,0,1,0.7583333333333333,7.299999999999997,894.29,1,4,7.749193506423745,3.5846896657869807,26.368541863364385,9,0.0,0,0.027199345,0.13598925,0.014702432709790755
14.534441853748634,21.268204688234814,0,0,0,1,0.9208333333333333,11.0,211.25000000000003,1,5,4.964876634922564,8.421995013059558,6.122091146005583,7,0.0,0,0.15781964,0.020423636,0.09180006021567653
22.69206909913682,19.593784836000616,0,0,0,1,0.815,4.700000000000003,514.9300000000001,0,4,2.3769728648009445,3.201562118716427,19.596938536414303,7,0.0,0,0.06508526,0.0031957123,0.04021189908648849
6.300793600809342,64.81530289878529,1,0,0,1,0.9475,0.10000000000000142,39.69999999999996,0,0,1.7804493814764897,1.9209372712298562,4.972926703662541,9,0.0,1,0.22057752,0.98392093,0.30880275523576384
12.822246293064259,29.275387800955638,1,0,0,1,0.9133333333333333,7.5,164.41000000000014,1,6,0.9000000000000057,2.0880613017821084,11.237882362794167,9,0.0,0,0.030817557,0.007253844,0.028781034354888765
21.958369702689684,20.597654055879193,0,0,0,1,0.8175,1.6000000000000014,482.17000000000024,0,8,0.8544003745317611,2.0396078054371136,19.93614807328638,9,0.0,0,0.036864728,0.0011242963,0.010953979301892985
7.368174807915455,56.74912021471247,1,0,0,1,0.9391666666666667,1.0,54.28999999999996,0,1,3.443835071544514,3.0463092423455618,4.504442251822083,7,0.0,0,0.21967192,0.022447241,0.32564183674124186
13.503332921912278,32.99455839797928,0,0,0,1,0.8875,0.29999999999999716,182.34,1,4,3.008321791298269,3.310589071449369,10.557461816175326,5,0.0,0,0.20238984,0.0017600758,0.1462447693015039
19.342440383777845,21.573205598738646,0,0,0,1,0.8524999999999999,7.799999999999997,374.13000000000005,3,6,3.0016662039607342,3.488552708502477,15.861904047118687,8,0.6666666666666666,0,0.057187174,0.0058382056,0.013789519231469878
6.200806399171,65.64749542702887,0,0,0,1,0.9483333333333334,0.10000000000000142,38.450000000000024,0,0,0.5385164807134515,3.5383612025908313,4.548626166217661,7,0.0,1,0.5974063,0.9918488,0.4983985518672719
26.51358142537518,16.600409668740287,0,0,0,1,0.7866666666666667,6.899999999999999,702.9699999999997,1,9,1.5264337522473739,2.3086792761230366,24.24417455802527,9,0.0,0,0.032587416,0.0012399589,0.005688722638878074
11.880235687897779,28.51927657685668,0,0,0,1,0.9291666666666667,8.3,141.14000000000001,0,1,2.6076809620810577,8.627861844049198,3.2649655434629,4,0.0,1,0.2860311,0.97930896,0.4207450894602176
11.194641575325226,31.57942124765045,1,0,0,1,0.9299999999999999,7.399999999999999,125.32000000000006,0,1,3.6138621999185316,3.0232432915661964,8.300602387778854,8,0.0,1,0.11818707,0.9701927,0.12482111611165714
25.84279396659735,14.386258384106034,0,0,0,1,0.8258333333333333,15.200000000000003,667.8500000000003,1,5,3.9824615503479763,3.744329045369807,22.100904958847284,6,0.0,0,0.02989931,0.0019590268,0.02542422537304417
22.84491190615538,14.028515058453465,0,0,0,1,0.8683333333333334,16.5,521.8899999999999,0,6,1.6763054614240156,3.360059523282291,19.51614716074871,9,0.0,0,0.03223021,0.00096406846,0.011957514681113567
28.504736448527282,12.24028319870488,0,0,1,0,0.8200000000000001,18.6,812.5199999999998,2,9,9.596353474106714,0.5000000000000028,28.00589223717037,9,0.0,0,0.011349107,0.047422893,0.09871795757778073
8.827797007181347,48.66231504307311,0,0,0,1,0.9266666666666666,0.7000000000000028,77.92999999999995,1,1,1.5297058540778348,1.4560219778561088,7.481310045707228,8,0.0,0,0.12975436,0.033162404,0.20686741564355327
18.208239892971534,22.70104448292972,0,0,0,1,0.8625,7.700000000000003,331.54,1,5,3.6619666847201073,1.4035668847618257,16.904733065032403,8,0.0,0,0.11268436,0.004578506,0.0269680224464312
12.317873193047571,5.721877614122341,0,0,0,1,0.9858333333333333,12.2,151.72999999999996,0,2,1.2649110640673484,3.452535300326411,8.868483523128406,8,0.0,0,0.010014265,0.025623424,0.05427486502276235
16.977926846349646,11.137824955119546,0,0,0,1,0.9441666666666666,15.600000000000001,288.25000000000006,0,5,1.4317821063276335,3.9051248379533257,13.148383931114882,9,0.0,0,0.015683703,0.0022104366,0.020762192637392377
13.640014662748722,27.148313598473298,0,0,0,1,0.9091666666666666,8.2,186.05000000000015,1,4,0.7615773105863947,3.1827660925679098,10.486181383134669,7,0.0,0,0.08884963,0.0012518025,0.07512710724387937
11.80169479354554,37.44260019567785,0,0,0,1,0.9016666666666667,0.20000000000000284,139.27999999999992,1,4,2.5495097567963985,2.7166155414412274,9.113725912051553,9,0.0,0,0.099288896,0.0039524403,0.07607168068355959
26.529417634015267,15.225298854979295,0,0,0,1,0.8049999999999999,12.5,703.8100000000003,0,4,2.941088233970555,2.523885892824787,24.018742681497727,7,0.0,0,0.017875105,0.0035204613,0.022604799654267812
19.116746585127917,18.717312712145493,0,0,0,1,0.8766666666666667,12.100000000000001,365.4499999999999,4,6,2.6925824035672523,3.1016124838541614,16.502424064360973,8,0.25,0,0.037850484,0.003008861,0.016862390661273645
26.23833073958784,12.672171966447099,0,0,0,1,0.8424999999999999,18.2,688.4500000000003,1,9,4.792702786528705,3.420526275297411,23.29484921608209,9,1.0,0,0.016432509,0.0026695658,0.0017487041643886297
23.742156599601476,15.355362925214724,0,0,0,1,0.8433333333333334,14.5,563.6899999999999,1,4,1.0630145812734646,4.25205832509386,19.499999999999996,5,0.0,0,0.018008176,0.008673611,0.04953594500575619
14.549914089093443,16.184851089292582,0,0,0,1,0.9408333333333334,12.7,211.69999999999987,1,6,0.806225774829866,2.9154759474226504,11.636150566231082,9,0.0,0,0.043615576,0.0015727446,0.020529146841167557
13.157507362718826,32.26686268178858,1,0,0,1,0.8966666666666666,4.399999999999999,173.12000000000012,0,2,0.565685424949241,3.006659275674582,10.46518036156091,8,0.0,0,0.06563735,0.0034727936,0.10205665350815803
12.103718436910208,35.64965637406332,1,0,0,1,0.9025,3.1000000000000014,146.50000000000009,0,3,3.605551275463989,2.280350850198279,9.82344135219425,8,1.0,0,0.112418555,0.008025914,0.03436756407948919
5.907622195096777,68.17766437384246,1,0,0,1,0.9508333333333333,0.29999999999999716,34.90000000000006,0,2,0.9055385138137412,1.8110770276274808,4.1012193308819835,8,0.0,1,0.29242352,0.9942492,0.28373824812960213
15.781318069160125,21.712338874384326,0,0,0,1,0.9033333333333334,10.7,249.04999999999987,2,5,2.236067977499793,3.780211634287158,12.073938876770908,9,0.0,0,0.073563784,0.002388876,0.03191964957880749
19.24266093865399,18.94382707265631,0,0,0,1,0.8733333333333333,11.8,370.2800000000001,0,2,2.0808652046684832,4.318564576337838,14.940214188558343,8,0.0,1,0.06810596,0.96572703,0.059961335766826405
24.15139747509448,18.6984530358811,0,0,0,1,0.8,2.700000000000003,583.2900000000001,0,5,4.33243580448689,2.7166155414412274,21.51023012429202,7,0.0,0,0.04825952,0.001477658,0.027970367644077142
11.331813623599716,36.506907963547036,1,0,0,1,0.9133333333333333,4.5,128.41000000000014,1,5,1.2369316876853036,2.1213203435596424,9.392017887546857,9,0.0,0,0.04024041,0.0005177793,0.04906199682774355
27.511633902769205,16.538269145213498,0,0,0,1,0.7708333333333334,0.7999999999999972,756.8899999999999,1,7,7.083078426785918,2.9832867780352657,24.60020325119286,9,0.0,0,0.033267852,0.0011518247,0.009652860096654671
26.400000000000006,17.23129636962376,0,0,0,1,0.7799999999999999,0.0,696.9600000000003,1,7,4.229657196511323,3.0999999999999943,23.30000000000001,8,1.0,0,0.0370884,0.0029757852,0.00513097966549227
9.767292357659821,33.62340580430791,0,0,0,1,0.9450000000000001,7.200000000000003,95.39999999999995,0,3,0.8246211251235335,4.134005321718878,5.74891294072192,8,0.0,1,0.07768235,0.96895826,0.1227073623512957
19.50230755577401,23.179228575196685,0,0,0,1,0.8375,0.29999999999999716,380.34000000000003,2,4,1.6124515496597045,3.640054944640259,16.01530517973354,9,0.0,0,0.034326866,0.0036565217,0.03968352601873839
28.887713651308573,15.357539263477051,0,0,0,1,0.7658333333333334,6.700000000000003,834.4999999999997,0,7,5.748912940721924,2.692582403567252,26.226894593146167,9,1.0,0,0.026078822,0.0009251531,0.002823357578544944
21.73683509621398,18.687235565587052,0,0,0,1,0.8391666666666667,10.0,472.48999999999984,2,9,2.4166091947189168,1.9697715603592172,19.77093826807418,9,0.5,0,0.030130971,0.004103753,0.004322031592749421
18.813824704190264,17.845007074675134,0,0,0,1,0.8866666666666667,13.0,353.95999999999987,0,2,2.8653097563788763,4.103656905736636,14.718695594379277,5,0.0,0,0.06899321,0.005119475,0.10254485681690284
20.402205763103172,22.182940841889582,0,0,0,1,0.83,0.29999999999999716,416.2500000000003,0,6,5.442425929675119,2.9274562336608945,17.500285711953392,7,0.0,0,0.07683218,0.0018289813,0.0326388427721271
9.730878685915267,32.224113189420486,0,0,0,1,0.9483333333333334,7.5,94.69000000000003,0,1,5.5443665102516455,4.808326112068526,4.964876634922564,6,0.0,0,0.4286973,0.24526429,0.25316756512885485
6.082762530298226,59.180081946940575,1,0,0,1,0.9633333333333333,4.200000000000003,37.00000000000007,0,2,1.7492855684535857,4.472135954999585,5.0,7,0.0,1,0.5143056,0.8882768,0.34036248654499207
12.971121771072847,17.498548442953947,0,0,0,1,0.95,11.5,168.24999999999997,0,3,6.095900261651269,3.4132096331751995,9.570788891204321,5,0.0,0,0.0907733,0.0065750945,0.10321782639762157
16.567739737212193,26.343857061093477,0,0,0,1,0.8666666666666667,4.299999999999997,274.48999999999995,2,7,1.2369316876853003,1.3000000000000027,15.280052355931241,10,0.5,0,0.028735718,0.002397025,0.009076879461872064
29.75936827286494,14.888432330157737,0,0,0,1,0.7591666666666667,7.100000000000001,885.6200000000003,1,5,3.3421549934136845,1.341640786499877,28.45241641759097,8,0.0,1,0.026329285,0.9621883,0.011300608503251704
19.10628168953866,23.42109151792849,0,0,0,1,0.8424999999999999,2.799999999999997,365.0500000000002,2,5,2.8000000000000114,1.8027756377319977,17.340126873814967,9,0.0,0,0.050553743,0.01366069,0.024483399444422974
32.41388591329339,13.939000393284633,0,0,0,1,0.7325,4.5,1050.6599999999999,1,9,9.027181176868005,1.802775637731992,30.617805277321885,10,1.0,0,0.016389068,0.020088963,0.0010219001245375297
21.500000000000004,13.021338602515694,0,0,0,1,0.8925,17.200000000000003,462.25000000000017,0,3,2.200000000000003,4.770744176750622,16.743058263053385,6,0.0,0,0.041122954,0.012367694,0.052863892958732075
16.180543872194168,27.36033759137283,0,0,0,1,0.8674999999999999,3.0,261.81000000000023,1,4,1.6763054614240223,3.220248437620928,13.098091464026353,7,0.0,0,0.10047175,0.0009987006,0.07238865705265686
12.0,36.86989764823134,0,1,0,0,0.9,0.0,144.0,0,0,99.0,0.8944271909999126,11.207140580897523,0,0.0,1,0.7835,0.97895026,0.9872188494389593
2.5961509971494348,148.83648081847852,0,0,0,1,0.9941666666666666,2.5,6.740000000000005,0,1,2.200000000000003,3.2756678708318434,5.700000000000003,6,0.0,0,0.8665923,0.17246592,0.9032381601401626
11.900420160649796,37.15634507804671,1,0,0,1,0.9008333333333333,0.10000000000000142,141.62000000000012,1,5,0.9219544457292917,0.9000000000000057,11.000454536063499,9,1.0,0,0.054010592,0.008677319,0.016944865704512098
7.1175838597097005,33.79674927400119,1,0,0,1,0.9758333333333333,6.5,50.66000000000004,0,2,3.6235341863986816,3.2572994949804674,3.894868418830091,8,0.0,0,0.17957594,0.02030671,0.13771069432988445
23.59343128923811,12.998099655584808,0,0,0,1,0.87,17.700000000000003,556.65,0,6,1.7029386365926342,3.220248437620928,20.388722372919784,8,0.0,0,0.03496348,0.0012897538,0.013175824050046135
9.72008230417829,38.48845690457428,0,0,0,1,0.935,5.799999999999997,94.47999999999992,0,1,0.9486832980505115,4.384062043356591,5.420332093147062,9,0.0,0,0.172511,0.020881778,0.1744934110888924
9.170605214488297,44.275853989552026,0,0,0,1,0.9308333333333334,3.8999999999999986,84.09999999999995,0,2,3.580502757993627,4.327817001676476,5.532630477449222,8,0.0,0,0.38125086,0.10960596,0.20386748882781924
7.984985911070857,51.10491145386047,1,0,0,1,0.9383333333333332,3.0,63.76000000000008,0,3,0.7280109889280416,2.5079872407968877,6.438167441127955,9,0.0,0,0.094237916,0.0036828823,0.13354472333409734
9.52102935611481,30.969399773972153,1,0,0,1,0.9533333333333334,7.700000000000003,90.64999999999998,0,3,0.8246211251235335,2.692582403567252,6.942621983083911,10,0.0,0,0.07121298,0.0088951755,0.05878145460178312
29.231831964486933,14.291596329025475,0,0,0,1,0.7775,11.899999999999999,854.5,0,5,1.2041594578792325,1.118033988749895,28.11494264621573,9,0.0,0,0.017940493,0.012445657,0.008358427159531282
9.642613753542134,33.21339090762257,0,0,0,1,0.9475,7.299999999999997,92.97999999999993,0,3,1.1180339887499025,3.080584360149871,6.5795136598383905,6,0.0,0,0.14847913,0.6557155,0.15581576982319983
18.625251676151926,21.027067663003997,0,0,0,1,0.8674999999999999,9.7,346.90000000000015,0,3,1.3341664064126446,4.070626487409519,14.564683312726038,8,0.0,0,0.10617723,0.005555786,0.05401634634414986
25.91466766138436,13.649605615972952,0,0,0,1,0.8341666666666666,16.6,671.5700000000004,0,7,3.624913792078382,4.031128874149278,22.078043391568922,8,0.0,0,0.030174686,0.0021206783,0.010733113667048641
27.987318556803544,12.918951802280008,0,0,0,1,0.8166666666666667,17.299999999999997,783.29,1,8,2.884441020371193,2.213594362117861,25.914667661384353,8,0.0,0,0.013283472,0.0022219105,0.005763028367254195
20.61674077054858,19.791684033592638,0,0,0,1,0.8466666666666666,9.299999999999997,425.0500000000001,0,2,2.059126028197404,4.326661530556781,16.329421300217604,6,0.0,1,0.10287425,0.9744241,0.08942212706331629
19.386851214160586,22.138270446492164,0,0,0,1,0.8475,6.399999999999999,375.8499999999998,1,4,1.2369316876852934,2.9120439557122038,16.48059464946578,8,0.0,0,0.058957785,0.0021281496,0.03935171507175899
19.112822920751405,22.291803614420488,0,0,0,1,0.8508333333333333,6.700000000000003,365.3000000000003,0,5,3.3421549934136885,3.5440090293338753,15.580115532305916,9,0.0,0,0.10171633,0.002117485,0.028218217338944425
23.73604853382298,17.97528268876765,0,0,0,1,0.815,8.399999999999999,563.4000000000001,0,6,3.125699921617565,3.4132096331752075,20.4707107839469,7,0.0,0,0.04333997,0.00222214,0.02280827806537392
15.673225577397906,28.056945411967774,0,0,0,1,0.8725,3.3999999999999986,245.64999999999992,1,3,1.0770329614269003,3.2249030993194223,12.466354719804817,7,0.0,0,0.05765207,0.0018158081,0.09217760257245082
24.239636960977773,16.821666215324047,0,0,0,1,0.8200000000000001,11.0,587.5599999999997,0,3,1.4142135623730872,3.7589892258424964,20.482431496284807,9,0.0,0,0.04054099,0.004527544,0.02686745384639108
4.810405388322275,74.86615369413042,0,0,0,1,0.9725,3.5,23.13999999999998,0,0,1.0816653826392022,4.522167621838005,7.233947746562733,9,0.0,1,0.87173116,0.9728115,0.4851602958725758
20.96592473515061,20.598874481296274,0,0,0,1,0.8341666666666666,6.600000000000001,439.5700000000002,0,5,2.7784887978899526,2.9154759474226553,18.129809706668187,7,0.0,0,0.090386756,0.002472889,0.034216019180769795
25.902316498722655,17.492150897379197,0,0,0,1,0.785,2.299999999999997,670.9299999999998,1,6,5.2630789467763055,3.8078865529319543,22.31434516180118,10,0.0,0,0.03899057,0.00161763,0.012081323783106364
20.115914098046844,17.80242378985888,0,0,0,1,0.87,12.7,404.64999999999975,2,9,2.5,2.899999999999996,17.22614292289484,9,0.0,0,0.029353863,0.0043276274,0.0081526913598978
10.538026380684382,31.567125867285895,0,0,0,1,0.9391666666666667,7.600000000000001,111.04999999999998,0,1,1.414213562373094,6.140032573203507,4.579301256742119,4,0.0,0,0.27028278,0.79830515,0.3796370558209497
12.587692401707313,23.9251590954067,1,0,0,1,0.9341666666666666,9.799999999999997,158.45000000000002,1,6,1.5524174696260038,2.76586333718786,9.881295461628508,10,1.0,0,0.040686663,0.000531887,0.008028971339844914
17.160710940983765,25.76207777093868,0,0,0,1,0.86,3.5,294.4899999999999,1,6,1.8384776310850273,3.2893768406797004,13.908630414242808,9,0.0,0,0.06765859,0.0031358823,0.028774002077049287
23.841140912296957,19.017934038388045,0,0,0,1,0.8016666666666666,1.3999999999999986,568.3999999999997,2,8,0.7071067811865425,2.8442925306655753,21.01927686672403,9,0.0,0,0.03666588,0.0007143745,0.010497290232551948
10.017983829094558,22.648794423023574,0,0,0,1,0.9633333333333333,9.0,100.36000000000006,0,3,4.669047011971505,2.308679276123043,7.741446893184761,10,0.0,0,0.10211778,0.00715159,0.04589011338857021
19.021303845951255,23.727780715516268,0,0,0,1,0.8416666666666667,0.8999999999999986,361.81,1,4,2.8600699292150176,3.2249030993194223,15.807909412695908,10,0.0,0,0.06497119,0.0011679155,0.031208521499419054
8.184130986244048,48.88082231154719,0,0,0,1,0.9391666666666667,3.700000000000003,66.97999999999998,0,0,1.1180339887498898,4.61410879802373,3.584689665786984,10,0.0,0,0.27344212,0.054988995,0.24543270977455614
33.42828143952364,13.557297526376585,0,0,1,0,0.7233333333333333,3.8999999999999986,1117.4500000000005,1,9,11.101801655587266,1.414213562373101,32.014527952165714,9,2.0,0,0.027688935,0.024016915,0.01724511171548128
17.611927776367924,14.777111629547838,0,0,0,1,0.9191666666666667,14.7,310.18,0,3,1.513274595042156,3.6674241641784446,13.984634424968004,6,0.0,0,0.061523218,0.0030465573,0.062278426262409294
28.094483444263574,14.111183155270984,0,0,0,1,0.7975,14.100000000000001,789.3000000000001,1,6,2.158703314492292,2.20227155455453,26.04169733331527,8,0.0,0,0.025438597,0.0021151346,0.00978663800595217
28.78367592924851,5.455639571662129,0,0,1,0,0.9191666666666667,27.1,828.5000000000001,0,10,10.572133181151287,1.6643316977093257,27.16486701605587,10,0.0,0,0.0089436425,0.16508217,0.051556549395103575
26.25147614897113,15.60441662931631,0,0,0,1,0.8041666666666667,11.7,689.1400000000001,0,5,4.743416490252569,2.5553864678361284,23.70337528707673,5,0.0,0,0.0358443,0.002062973,0.02884281655773389
7.335529974037325,35.73072696727094,1,0,0,1,0.9716666666666666,6.5,53.81000000000004,0,3,1.118033988749895,4.049691346263318,3.3241540277189343,8,0.0,0,0.11257669,0.0940585,0.13224097357660863
24.74065480135884,14.952951773335734,0,0,1,0,0.8341666666666666,14.7,612.1000000000003,2,9,6.350590523722974,2.9154759474226504,21.84032966784156,10,0.0,0,0.049908273,0.0056873793,0.15653392246470313
17.807021087200404,25.31172799691846,0,0,0,1,0.8516666666666667,0.5,317.08999999999986,0,1,2.941088233970549,2.2360679774997925,15.625939971726496,6,0.0,0,0.1112897,0.0033477845,0.126600417769645
20.892582415776182,18.610539360510142,0,0,0,1,0.8524999999999999,11.100000000000001,436.5000000000001,2,7,4.5541190146942805,2.0615528128088343,18.860805921274945,7,0.0,0,0.04020629,0.0031407678,0.017043358522810113
13.674063039199432,27.86616098680551,0,0,0,1,0.9058333333333334,7.700000000000003,186.98,0,3,1.7691806012954183,3.8209946349085544,9.984988733093298,8,0.0,0,0.07105544,0.064044766,0.08340265085077946
15.901257811883944,28.237967084140106,0,0,0,1,0.8674999999999999,0.20000000000000284,252.85000000000016,0,5,1.0295630140986987,1.4422205101855965,14.733974345029928,8,0.0,0,0.086523995,0.0030226877,0.041534246614042085
24.340295807569795,18.27826066569971,0,0,0,1,0.8016666666666666,5.100000000000001,592.4499999999997,1,4,2.1540659228538006,2.200000000000003,22.19391808581801,7,0.0,0,0.04163914,0.0016824603,0.03060879694158088
3.2015621187164247,131.93771288468437,0,0,0,1,0.9933333333333334,3.1000000000000014,10.250000000000002,0,0,2.6683328128252755,1.5811388300841898,1.6278820596099715,8,0.0,1,0.8322185,0.97776824,0.7847208648602554
15.243359209832981,10.474406979704696,0,0,0,1,0.9583333333333334,14.399999999999999,232.35999999999996,0,6,1.0440306508910542,4.648655719667783,10.594810050208546,6,0.0,0,0.016663868,0.004356281,0.038930144081836
22.128940327092028,19.785126243126694,0,0,1,0,0.8225,6.0,489.6899999999998,4,9,8.90505474435727,1.6124515496597134,21.02974084481308,9,0.0,0,0.0844549,0.03983555,0.22793096033055488
20.278066969018518,21.64125398759274,0,0,0,1,0.8366666666666667,5.200000000000003,411.1999999999999,1,9,6.338769596696189,1.9235384061671397,18.365728953678907,9,3.0,0,0.058033038,0.0014919513,0.00045544915897003627
13.403357788255894,20.87192693452331,0,0,0,1,0.935,10.899999999999999,179.64999999999992,0,1,4.386342439892264,5.883026432033088,7.5432088662584444,5,0.0,0,0.24093509,0.030554969,0.21687574506618057
18.828170383762735,21.772220138604244,0,0,0,1,0.8591666666666666,8.3,354.50000000000017,0,1,3.1016124838541628,4.788527957525153,14.04599587070992,2,0.0,0,0.16040003,0.060922123,0.2686377949192355
15.492256130079957,25.739707757061407,0,0,0,1,0.8875,7.600000000000001,240.01,0,3,1.8248287590894625,3.492849839314598,12.022063050907692,3,0.0,1,0.14590277,0.9797773,0.18019608441596802
14.520674915443838,19.44772502459555,0,0,0,1,0.9283333333333333,11.7,210.8499999999999,0,3,1.4035668847618181,4.1436698710201325,10.615083607772473,6,0.0,0,0.112238325,0.014067376,0.09317000825946273
13.118688958886095,20.511785852739447,0,0,0,1,0.9391666666666667,10.899999999999999,172.09999999999994,1,4,0.82462112512353,3.911521443121584,9.208691546577073,7,0.0,0,0.08619522,0.0047038677,0.06799866827362318
16.601204775557704,14.843464409243158,0,0,0,1,0.9283333333333333,14.200000000000003,275.5999999999999,0,3,2.561249694973145,4.07185461430047,12.564234954823151,7,0.0,0,0.064354055,0.003955364,0.056730162720617185
6.708203932499369,39.61068824922246,0,0,0,1,0.975,6.0,45.00000000000001,0,2,2.3021728866442683,3.067572330035592,3.6891733491393444,8,0.0,0,0.19917129,0.02437417,0.17302759727397393
23.482972554597943,14.972701590237246,0,0,0,1,0.8508333333333333,15.200000000000003,551.4500000000003,0,6,3.0,3.623534186398684,19.86001007049091,8,0.0,0,0.036633816,0.0037605318,0.01549968580318893
19.777259668619408,21.31842952900858,0,0,0,1,0.8475,7.5,391.1399999999999,0,3,1.979898987322326,2.3409399821439267,17.438463235044534,6,0.0,1,0.116129294,0.9737201,0.06345969501286705
16.523922052587878,22.02856542083531,0,0,0,1,0.8916666666666667,10.2,273.03999999999996,0,5,3.5777087639996603,2.385372088375311,14.149558296992879,6,0.0,0,0.11578755,0.0010719064,0.04822234359798637
20.13082213919739,20.920535699847772,0,0,0,1,0.8450000000000001,7.700000000000003,405.24999999999983,1,8,5.9481089431852086,1.2649110640673562,19.325889371514048,9,1.0,0,0.0634542,0.032375533,0.0035321710653537963
17.801685313475236,13.600832658015387,0,0,0,1,0.9241666666666667,15.3,316.8999999999999,1,6,3.969886648255847,3.624913792078369,14.204224723651762,8,0.0,0,0.031467464,0.0022273096,0.020139139545871616
12.04200979903272,16.901530836858935,0,0,0,1,0.9591666666666666,11.0,145.01000000000002,0,1,0.9848857801796057,4.341658669218482,7.912016177940995,7,0.0,0,0.14918888,0.030405344,0.12511496917665887
24.520399670478458,15.07147237128452,0,0,0,1,0.8358333333333333,14.600000000000001,601.2500000000001,0,5,2.4186773244895674,3.9962482405376227,20.54117815511077,8,0.0,0,0.04689946,0.0064768665,0.019439448080813482
34.74852514855846,11.794979177794499,0,0,0,1,0.7408333333333333,15.5,1207.4599999999996,0,8,2.5317977802344322,2.683281572999754,32.06524598377501,8,0.0,0,0.006895869,0.004625767,0.0041834142959308
11.456002793295752,29.04616062114618,1,0,0,1,0.9333333333333333,8.200000000000003,131.2400000000001,0,4,0.9899494936611655,2.941088233970549,8.563293758829017,8,0.0,0,0.04200279,0.006040375,0.06358707635519616
26.718720029222958,17.017538314735535,0,0,0,1,0.7775,1.0,713.8900000000001,0,7,3.9319206502674984,2.9000000000000057,23.820999139414784,8,0.0,0,0.045960426,0.0009996122,0.01286758815136106
18.56071119327059,22.131433368801073,0,0,0,1,0.8608333333333333,8.100000000000001,344.5000000000001,0,4,0.9000000000000057,4.1109609582188975,14.49413674559475,6,0.0,0,0.0886227,0.0020839742,0.07100980022404307
19.003157632351527,18.458851944258345,0,0,0,1,0.88,12.399999999999999,361.1200000000001,0,4,2.523885892824794,4.701063709417257,14.425671561490656,7,0.0,0,0.07399258,0.0069580404,0.050587287454665064
19.99124808509964,22.3324214552928,0,0,0,1,0.8358333333333333,3.3999999999999986,399.6500000000001,0,3,6.906518659932809,3.8832975677895165,16.4453640883989,6,0.0,0,0.08495896,0.031367954,0.0814833038169242
30.566812067992963,12.381671550504107,0,0,0,1,0.7899999999999999,17.3,934.3300000000003,0,6,2.8178005607210745,3.310589071449369,27.306592610576665,9,0.0,0,0.012275952,0.0013161347,0.007100854901711286
23.934076125892137,12.945610850006886,0,0,0,1,0.8666666666666667,17.799999999999997,572.8399999999999,1,7,2.86530975637888,2.0248456731316615,21.985904575431956,8,0.0,0,0.028403657,0.0018940559,0.008684341254580601
13.155227098001767,32.484881010583486,1,0,0,1,0.8958333333333334,4.100000000000001,173.05999999999997,1,2,0.3999999999999986,0.9486832980505183,12.206555615733699,8,0.0,0,0.033580188,0.010385967,0.07907734480252007
29.546573405388312,15.047866783550793,0,0,0,1,0.76,6.600000000000001,872.9999999999999,1,8,2.9068883707497233,2.022374841615668,27.530528509274934,8,0.0,0,0.027327666,0.0076926653,0.006705506747443209
26.394885868288956,14.812111754233381,0,0,0,1,0.8125,13.8,696.69,1,7,1.2206555615733699,1.9924858845171334,24.466303357883877,10,0.0,0,0.02427977,0.0008261006,0.005678615139572919
25.77692766797471,15.316781294508438,0,0,0,1,0.815,13.100000000000001,664.4500000000002,0,4,2.184032966784152,3.2015621187164243,22.611943746613207,6,0.0,0,0.030956576,0.0018720378,0.03186199906665037
46.37811984114923,9.738319515861605,0,0,0,1,0.6183333333333334,7.299999999999997,2150.93,0,3,1.0295630140986987,2.0099751242241783,44.37172523127763,10,0.0,0,0.005635465,0.04967726,0.003980570469674239
19.307252523339514,16.7241407118269,0,0,0,1,0.8883333333333333,13.899999999999999,372.77000000000004,0,5,0.8062257748298541,3.679673898594822,15.628499608087784,5,0.0,0,0.040407646,0.0053033787,0.050039765696774395
12.265398485169573,33.682198850599704,0,0,0,1,0.9066666666666666,5.0,150.44000000000005,0,1,1.5811388300841904,2.765863337187869,9.571311299921238,10,0.0,0,0.058877036,0.0017009038,0.09483147434572815
26.8330020683486,12.742164835764019,0,0,0,1,0.8341666666666666,18.0,720.0100000000001,1,8,4.318564576337838,2.973213749463703,23.8757198844349,9,0.0,0,0.019761236,0.0013254402,0.005348716420772763
17.613914953808536,21.51547959994027,0,0,0,1,0.8791666666666667,10.0,310.24999999999994,1,6,1.9697715603592172,3.1764760348537155,14.46167348545804,10,0.0,0,0.0468683,0.0042328797,0.01765011747831521
8.600581375697804,49.882939945132954,0,0,0,1,0.9283333333333333,0.10000000000000142,73.96999999999993,0,0,3.395585369269929,1.360147050873538,7.532595834106592,7,0.0,0,0.30100262,0.2332771,0.2933502238477956
67.40363491682032,6.032128604332354,0,0,0,1,0.5016666666666667,31.099999999999994,4543.25,0,4,2.2825424421026628,12.054044964243333,55.757062332945765,7,0.0,0,0.0034244903,0.029175917,0.0037021975276789357
25.961509971494333,14.060826897529136,0,0,0,1,0.8283333333333334,15.8,673.9999999999997,1,7,1.503329637837291,3.420526275297417,22.54107362128077,9,1.0,0,0.026971282,0.0008900864,0.003084001507746905
31.34405844813336,13.36404151300574,0,0,0,1,0.7608333333333334,12.600000000000001,982.4500000000003,1,6,2.778488797889967,2.952964612046684,29.073871431235293,8,0.0,0,0.018299572,0.0036700272,0.009016612724888375
32.337284981890484,12.570042521179715,0,0,0,1,0.7608333333333334,14.899999999999999,1045.6999999999998,0,9,2.884441020371195,2.83019433961698,29.93476240092779,10,0.0,0,0.012166175,0.0014726438,0.0026571773231381214
9.459386872308379,45.04674661694629,1,0,0,1,0.9233333333333333,2.200000000000003,89.48000000000009,1,2,0.7615773105863951,1.476482306023339,8.415461959987706,9,0.0,0,0.07707748,0.025069606,0.11639428847172162
13.0080744155313,33.1324408429696,0,0,0,1,0.8958333333333334,3.6000000000000014,169.20999999999998,2,3,2.5317977802344322,3.8832975677895165,9.13947482079797,7,0.0,0,0.15118743,0.029018385,0.12711563021469968
14.503103116229989,30.832641165485057,0,0,0,1,0.8791666666666667,0.29999999999999716,210.34,2,4,3.9623225512317948,3.905124837953324,10.767079455451235,7,0.5,0,0.20719418,0.012187965,0.06089284141296661
10.307764064044152,24.746952753162855,0,0,0,1,0.9566666666666667,8.899999999999999,106.25000000000001,0,2,3.9051248379533257,5.162363799656124,5.1478150704935,5,0.0,0,0.2874946,0.046848748,0.21736410705863274
26.73013280924732,14.941627509906716,0,0,0,1,0.8058333333333334,13.100000000000001,714.5,0,7,2.879236009777596,2.299999999999997,24.750959577357804,7,0.0,0,0.02197559,0.0023558182,0.011186760279590875
8.202438661763955,51.984999978600044,0,0,0,1,0.9316666666666666,0.20000000000000284,67.28000000000006,0,1,1.835755975068586,2.3323807579381217,7.22772439983706,7,0.0,0,0.2813001,0.118331656,0.294767757298801
21.709214633422373,14.953659603356376,0,0,0,1,0.8733333333333333,15.5,471.29000000000013,0,5,0.49999999999999717,4.596737973824482,17.112568480505782,7,0.0,0,0.018883605,0.00816494,0.030274658592503223
11.531695452100703,36.19476337505096,0,0,0,1,0.9108333333333333,4.299999999999997,132.98000000000002,0,3,3.5014282800023193,2.4596747752497716,9.08240056372763,8,0.0,0,0.298439,0.035403907,0.10032945546556471
31.88494942759044,12.224712493010978,0,0,0,1,0.7741666666666667,16.8,1016.6499999999999,0,6,3.5171010790137913,3.1384709652950464,28.74717377412951,9,0.0,0,0.007819599,0.0015021646,0.006420028898317848
15.254179755070409,26.998096105279036,0,0,0,1,0.885,6.5,232.6899999999999,0,5,1.9924858845171198,2.0591260281973973,13.200378782444085,10,1.0,0,0.095620655,0.009658492,0.010003957879886323
9.538343671728336,41.52712120533591,1,0,0,1,0.9308333333333334,4.700000000000003,90.98,0,3,0.3605551275463981,1.8439088914585744,7.793587107359488,8,0.0,0,0.09103747,0.018725755,0.10782297850768792
8.11233628494283,48.34804942725998,1,0,0,1,0.9416666666666667,4.100000000000001,65.81000000000003,0,3,0.5099019513592773,2.507987240796891,5.954829972383761,8,0.0,0,0.10336546,0.051540587,0.147828540324351
11.834272263219226,26.70344651471517,1,0,0,1,0.935,8.899999999999999,140.0499999999999,0,7,3.522782990761708,1.3038404810405324,10.547511554864487,9,0.0,0,0.07989315,0.00889616,0.019690684319906112
15.953056133543823,26.555441018379764,0,0,0,1,0.8758333333333332,5.700000000000003,254.5000000000002,0,3,1.6763054614240291,3.0528675044947455,14.30314650697532,8,0.0,0,0.13912481,0.0020196058,0.06729714560482
10.599056561788885,21.319926397500193,0,0,0,1,0.9608333333333333,9.5,112.34000000000002,0,2,5.374011537017757,11.173182178770736,3.4438350715445076,4,0.0,1,0.68502444,0.9760972,0.41289122139811396
14.866068747318508,28.99286810083408,0,0,0,1,0.8816666666666666,4.399999999999999,221.00000000000006,0,0,6.020797289396148,9.585927185202273,5.315072906367328,9,0.0,1,0.47253746,0.029384196,0.23931918452957812
11.747765745025731,37.01762870365539,1,0,0,1,0.9041666666666667,2.3999999999999986,138.00999999999996,0,4,1.6124515496597116,1.2206555615733719,10.636728820459794,10,0.0,0,0.08553563,0.008219351,0.04474544579051112
15.086417732516882,28.898033481195174,0,0,0,1,0.8783333333333334,3.799999999999997,227.59999999999982,2,7,4.669047011971502,3.361547262794322,12.931357237351374,9,0.0,0,0.13285223,0.0013043396,0.02778204388889864
24.19132075766017,18.71170874832272,0,0,0,1,0.7991666666666667,2.1000000000000014,585.2199999999998,3,7,2.4515301344262443,2.0615528128088303,22.157842855296174,9,0.3333333333333333,0,0.020191351,0.0012135567,0.007942871747602743
22.150395030337496,15.988752519351088,0,0,0,1,0.8583333333333333,14.2,490.64000000000004,0,8,2.765863337187869,3.047950130825632,19.147062437878038,9,0.0,0,0.045149013,0.0020244748,0.008525237553793379
15.559562975867934,24.533625437880847,0,0,0,1,0.8925,8.700000000000003,242.1000000000002,0,3,0.943398113205664,4.103656905736636,11.59741350474321,8,0.0,0,0.105785675,0.0048383283,0.07133450356305007
9.492101980067433,43.85660218541225,0,0,0,1,0.9258333333333333,3.299999999999997,90.1000000000001,1,4,0.9219544457292933,2.549509756796393,7.334848328356902,10,0.0,0,0.06298122,0.0013453234,0.07715834021195934
19.944924166313594,16.790067521044527,0,0,0,1,0.88,13.799999999999997,397.8,1,7,1.34536240470737,3.0232432915661964,16.99941175452845,8,1.0,0,0.01554143,0.0019795464,0.005750428093279513
9.94635611668917,43.0983345265314,1,0,0,1,0.9191666666666667,2.200000000000003,98.93000000000006,0,5,0.5000000000000028,0.640312423743284,9.374433316206376,9,0.0,0,0.0655744,0.014819481,0.05368816992392035
27.94584047760954,11.29596017939578,0,0,0,1,0.8408333333333334,20.4,780.9699999999998,1,8,4.1725292090050115,2.7586228448267485,25.187298386289857,10,0.0,0,0.008963995,0.0013940479,0.0035702100828598747
22.210357943986402,14.383127442168286,0,0,0,1,0.8725,16.1,493.2999999999999,0,2,4.301162633521314,2.9206163733020425,19.32588937151406,6,0.0,0,0.04687369,0.014142192,0.0511239079293464
27.461245419681905,14.813080385257791,0,0,0,1,0.7966666666666666,12.600000000000001,754.1200000000005,2,7,2.69072480941474,1.655294535724686,26.482069405543072,9,0.0,0,0.02755421,0.027040118,0.0063745897395774765
18.98736421939602,22.000698352448772,0,0,0,1,0.855,7.600000000000001,360.52000000000027,0,3,4.788527957525153,1.655294535724686,17.33262819078515,8,0.0,0,0.09418091,0.09997114,0.039831423444018736
10.261091559868277,41.85897304243899,0,0,0,1,0.9166666666666666,2.299999999999997,105.28999999999998,0,2,1.746424919657302,1.1045361017187205,9.167878707749143,7,0.0,1,0.12906268,0.9858876,0.1572958688288151
22.055384830013736,17.905736937084157,0,0,0,1,0.8416666666666667,11.2,486.44000000000005,1,4,2.4596747752497703,3.257299494980461,18.8904737897174,9,0.0,0,0.03995733,0.0025586647,0.023272513261993137
10.787029248129441,9.058210901238276,0,0,0,1,0.9833333333333333,10.600000000000001,116.36000000000001,0,2,1.0198039027185575,3.921734310225517,6.935416353759879,8,0.0,0,0.015270742,0.09306902,0.07086227022755345
9.099999999999994,47.45678215456584,0,0,0,1,0.9241666666666667,0.0,82.8099999999999,2,4,4.686149805543988,5.141984052872977,9.349331526906074,7,0.0,1,0.45755082,0.9666176,0.2099926144791235
12.628935030318273,34.87312941494934,1,0,0,1,0.8958333333333334,1.7999999999999972,159.48999999999998,0,4,0.6324555320336713,1.6763054614240156,11.140017953306904,9,0.0,0,0.035399932,0.0021813023,0.053763364174882027
22.908513701242164,18.110023501536855,0,0,0,1,0.8266666666666667,9.600000000000001,524.8,1,3,2.2472205054244183,2.262741699796949,20.8,4,0.0,0,0.032843675,0.01048396,0.07016761295923163
10.239628899525613,25.929610239634716,1,0,0,1,0.955,8.700000000000003,104.85000000000011,0,5,0.8246211251235369,1.7888543819998317,8.459905436823753,9,0.0,0,0.052004397,0.01782084,0.035110173210293104
